epoch,binary_crossentropy,dice_coef,loss,precision,recall,val_binary_crossentropy,val_dice_coef,val_loss,val_precision,val_recall
0,0.5346318803639407,0.4619215914969552,-0.4619215914969552,0.4282844242289967,0.6015587840963103,2.654658183798326,0.3236105158265713,-0.3236105158265713,0.20187441730393774,0.8586453653014867
1,0.5556259655033473,0.6063193627615003,-0.6063193627615003,0.5814595897381519,0.6469651061949558,1.1251117853911776,0.44181456166699473,-0.4418145622049428,0.337920245011791,0.6562450857369048
2,0.566780422403989,0.6476214670770971,-0.6476214670770971,0.6268556564078284,0.6806264092210775,1.7599963322012864,0.39821745492921407,-0.39821745492921407,0.2782604628198844,0.7179652470759106
3,0.553304168931743,0.679943539470034,-0.6799435394054989,0.6617994024258973,0.7095027401520608,1.049153466840083,0.5451019565551289,-0.5451019565551289,0.44196369786770334,0.725059337779503
4,0.5346571658405198,0.7063077108046357,-0.7063077108046357,0.6941192387605241,0.7284745801935572,1.1182998985805237,0.5809305715862164,-0.5809305715862164,0.4867916236285268,0.7291386562133955
5,0.492138185984854,0.7339962472927007,-0.7339962472927007,0.723812653601247,0.7504267056120479,0.6639269771128355,0.6198013884818941,-0.6198013884818941,0.7097940436877068,0.554109576914715
6,0.46013526666882026,0.7535664378151123,-0.7535664377505772,0.7468967072088102,0.7666035194245187,0.6207475297502663,0.6779100473176701,-0.6779100473176701,0.6979710385472335,0.663233581970745
7,0.4413531969872942,0.7705773640344957,-0.7705773640344957,0.769887289413904,0.7776523704469952,0.6452165786647625,0.675337813068383,-0.675337813068383,0.7076575500009723,0.6498094141913665
8,0.4475688043612327,0.7733360983402299,-0.7733360983402299,0.772064663143889,0.7808513605992171,0.7993758405804203,0.6625217252044471,-0.6625217252044471,0.6285906676135768,0.7059677199120986
9,0.4242102987919085,0.7916050240068324,-0.7916050239422973,0.7923215231295528,0.7973587221142119,0.6562029823714646,0.6923811509936295,-0.6923811509936295,0.7145147269813593,0.6748421322352619
10,0.4022633948138701,0.7993274274818203,-0.7993274274818203,0.8027520209821906,0.8012158354157852,0.7054951595485426,0.7066130994244173,-0.7066130994244173,0.6823408030215583,0.7359080059648851
11,0.39527353530143855,0.8031507055704704,-0.8031507055704704,0.8079225994540066,0.8044621477451299,0.6614230646338274,0.6884096297116056,-0.6884096297116056,0.7266022982580137,0.6571731541561305
12,0.4033855364636561,0.8070691847966418,-0.8070691847966418,0.8101064551697504,0.8102429257346832,0.7133475547343229,0.6504076949263041,-0.6504076949263041,0.7778448714619189,0.5621444687379145
13,0.3803691117019558,0.814630739458612,-0.814630739458612,0.8204844586515695,0.8142445103437573,0.6627983185143247,0.7110119313539581,-0.7110119313539581,0.7329668063764537,0.6933459313552732
14,0.37972391309638515,0.8178447344928864,-0.8178447344283513,0.8250130866063318,0.8164935367687691,0.6956724782713053,0.7101694326108113,-0.7101694326108113,0.7198803588371414,0.7037112827980991
15,0.377966598592676,0.8226819419277442,-0.8226819419277442,0.830634276295906,0.8203638010259416,0.6988485361910038,0.6932529823229201,-0.6932529823229201,0.7319850553674389,0.6615654377515565
16,0.37626268894396697,0.825041220140643,-0.825041220140643,0.8301593859302063,0.8254302665623507,0.6941990583381928,0.6894623380598178,-0.6894623377908438,0.736252872468332,0.6516127698257942
17,0.3698394344825154,0.8279587365219013,-0.8279587365219013,0.8337832104080732,0.8271504191027518,0.6197947912483008,0.7208813075984859,-0.7208813075984859,0.7661765965528867,0.682761494272022
18,0.3566782285300825,0.8318260011088543,-0.8318260010443193,0.8419151951245489,0.8272342551394736,0.7479482828925232,0.7081430673814423,-0.7081430673814423,0.689051209374025,0.7312769397071123
19,0.37430435883412894,0.8266408545674572,-0.8266408545674572,0.8356447837966094,0.8231475707538822,0.8512203419630506,0.6810969379095905,-0.6810969379095905,0.65242803560949,0.7158294246260044
20,0.364941709130783,0.8341278168044084,-0.8341278168689436,0.840682052711534,0.8331870795999992,0.7033008841616152,0.7175355701024781,-0.7175355701024781,0.7262920781378281,0.7117672540005364
21,0.3687118575228608,0.8330387781455229,-0.8330387781455229,0.8394206667447204,0.832226887093627,0.7508807447520404,0.6621475600593787,-0.6621475600593787,0.7730782724890037,0.5810143822797369
22,0.35958945917045465,0.8376973956474859,-0.8376973956474859,0.8462746654201142,0.834549672575728,0.7736556214761218,0.7035511481417646,-0.7035511481417646,0.6938945121713493,0.7157214382925619
23,0.35536141438678315,0.8419742958919473,-0.8419742958919473,0.8502897380517643,0.8390953500015801,0.6832737299724606,0.7096271588053514,-0.7096271588053514,0.762059534392202,0.6663454933502183
24,0.34546205955132,0.844427112598035,-0.844427112598035,0.8516535386346336,0.8426572091783885,0.7102976956737601,0.7033256438665011,-0.7033256438665011,0.7480509005729041,0.6660624209939358
25,0.35333793115672635,0.8422488160802462,-0.8422488162093165,0.8495339103698111,0.8403810854467183,0.6819368851529132,0.7256850097799129,-0.7256850097799129,0.7600116437092584,0.6962381810057464
26,0.3411180623240314,0.8494561099035495,-0.8494561099680846,0.8567687228496274,0.8470916738366606,0.7042261008105983,0.7026886759251894,-0.7026886759251894,0.7554190238460307,0.6585167851904239
27,0.327853494034592,0.8520621069327429,-0.8520621069327429,0.8610152478417363,0.8482500850225022,0.6578918595391491,0.7217483463485318,-0.7217483463485318,0.7813766189860953,0.6730116622973005
28,0.3365514882008923,0.8503741912637349,-0.8503741912637349,0.858957522498317,0.8468935647507465,0.7798092367416685,0.7153561076532633,-0.7153561081912113,0.6853840750262195,0.7508028063533109
29,0.3312722528204096,0.8514690898542747,-0.8514690899188099,0.8598140388043116,0.8485194246662597,0.7852783656077265,0.7110772247994419,-0.7110772247994419,0.6748980460184145,0.7546168844407216
30,0.3394498863665249,0.8512822129526093,-0.8512822130171445,0.8597765403322556,0.8479745408811318,0.675530110778361,0.7262954421422111,-0.7262954421422111,0.7590551944415922,0.6987420311903695
31,0.33131564358526,0.854025029126779,-0.8540250290622439,0.8608337547315463,0.8523008053490692,0.704388224551108,0.7250069027453397,-0.7250069027453397,0.7316085694110499,0.7206830962569313
32,0.330234633551345,0.8556784262462012,-0.8556784263107362,0.8638814559174905,0.8524932498898843,0.6475822409137492,0.7447905707230207,-0.7447905707230207,0.7536441781675772,0.7378648703494227
33,0.32785611839431766,0.8549497823608856,-0.8549497823608856,0.862939039947874,0.8518522967245218,0.744606390326462,0.7098190393904056,-0.7098190393904056,0.7160723702141524,0.7063194430476922
34,0.32369361457085394,0.8578364320418803,-0.8578364320418803,0.8681455868154752,0.8527382258575888,0.6875960933387495,0.7243638016041436,-0.7243638016041436,0.7644011170640319,0.6902792281622491
35,0.32801831937961734,0.8559345441393235,-0.8559345441393235,0.8642048378329403,0.8531928599113094,0.7874975498187413,0.6877237792910221,-0.6877237792910221,0.7239128952637476,0.6578758941015181
36,0.31999270935474716,0.8579904156853596,-0.8579904156853596,0.867034553319874,0.8539940866751813,0.6797001682463966,0.7344407522075873,-0.7344407522075873,0.7500448563684194,0.7216819393505689
37,0.33171132040742396,0.8567864331542098,-0.8567864331542098,0.8662302193780248,0.8531366872838804,0.7409170895061769,0.6917396028549663,-0.6917396028549663,0.7711419088745806,0.6296881226425998
38,0.3221555317362029,0.8597478764095364,-0.8597478764095364,0.8672062888218759,0.8581613813026377,0.6538596742976028,0.7400805199040775,-0.7400805199040775,0.751610073895581,0.7314805861067983
39,0.32867334634646445,0.8596674704794349,-0.8596674704794349,0.8691827714985302,0.8554298998396755,0.6900726541715408,0.7185294445778919,-0.7185294445778919,0.7647533564683763,0.6797329590854232
40,0.33687508475372624,0.8540752631030902,-0.8540752631676254,0.8628371821280009,0.8510909365040753,0.7030615911479461,0.7262034833646424,-0.7262034833646424,0.7609228018388852,0.6967193130336513
41,0.33048234279793853,0.8584643420124013,-0.8584643420124013,0.867643425517807,0.8549187617959683,0.6923501405474942,0.7295769433682576,-0.7295769433682576,0.7483724866748287,0.7137803332039595
42,0.322843711498936,0.8617835431297189,-0.8617835431297189,0.8711497926541664,0.8578995432028682,0.7143071550970043,0.7339084943494212,-0.733908493811473,0.7326234503773575,0.7367590227927542
43,0.31886049815332185,0.8626782352426652,-0.86267823517813,0.8708663745172203,0.8599161628315902,0.7256946765451224,0.7309538512238527,-0.7309538512238527,0.7350492457512914,0.7288615086018394
44,0.32497460670340056,0.8624808339264136,-0.8624808339264136,0.8704114362836245,0.859967431331827,0.7476705773212419,0.7225734872292956,-0.7225734872292956,0.7328903811718153,0.71402143011885
45,0.319300143842756,0.8645152438249667,-0.8645152438895017,0.8736551617868745,0.8608204541318909,0.7949954701137026,0.71202399724227,-0.71202399724227,0.7093122168998856,0.7162799171377175
46,0.3238430870668668,0.8632738601598661,-0.8632738601598661,0.8691685015812433,0.8627954499062752,0.8054543939630908,0.7133569620576576,-0.7133569620576576,0.6839879233699413,0.7474839552860397
47,0.32241901992499544,0.8624171587413088,-0.8624171587413088,0.8700202750973807,0.8604069683344243,0.6847466540250537,0.744404245154522,-0.744404245154522,0.7441488574343037,0.7462747573637359
48,0.31043317233163487,0.8667206307570622,-0.8667206308215972,0.8741352432421556,0.8648032333335612,0.7145398833691429,0.735509477905418,-0.735509477905418,0.7271757562668315,0.7459631620331362
49,0.3110396082961957,0.8659617930534548,-0.8659617929889196,0.8744265699267852,0.8633391623400981,0.716699387407475,0.734108558092737,-0.734108558092737,0.7530662743408327,0.7177060754290556
50,0.3142085202706227,0.8668033515751336,-0.8668033515751336,0.8720424368738767,0.8671284663362284,0.6935606222237106,0.7322546548547998,-0.7322546548547998,0.7538846120370173,0.7132834976753303
51,0.31117295957182123,0.8696225593749864,-0.8696225593749864,0.8752964106975256,0.8696085253465016,0.7680564880478683,0.7223696439705171,-0.7223696428946209,0.7233255694919545,0.7231132539816282
52,0.31386709474301433,0.8672305699187783,-0.8672305699187783,0.8746710255348409,0.865581931516483,0.7175523096473638,0.7292826620034792,-0.7292826620034792,0.7361846495191112,0.7239955419452612
53,0.30111281193983197,0.8708159370874625,-0.8708159371519977,0.8770253085997157,0.8701314646839424,0.7109689599824296,0.7311802302026577,-0.7311802302026577,0.732858156038966,0.7313768036313866
54,0.2994468789781622,0.8723844309269272,-0.872384430862392,0.8789528530105568,0.871337779198647,0.7171555777964609,0.7378784990482812,-0.7378784990482812,0.7231458551401696,0.7553417539553522
55,0.302074289427737,0.8729065395294716,-0.8729065394649366,0.8794792559741637,0.8719213475211455,0.7448089479969727,0.7157407087754687,-0.7157407087754687,0.7489686891275192,0.6866436873962732
56,0.29951990020512603,0.8728351575205883,-0.8728351574560531,0.8788571762749517,0.8722420569207566,0.7118909257844037,0.731923860655795,-0.731923860655795,0.735032465698917,0.7306480434612247
57,0.2956879447424448,0.8734448716825302,-0.8734448717470652,0.877543382917766,0.8748681735119916,0.7283212480819331,0.7298524728918497,-0.7298524728918497,0.7484958179229129,0.713676246921573
58,0.3014806796392872,0.8736139732219792,-0.873613973157444,0.8779845745365256,0.8749184592583831,0.6456675979204557,0.7396685497209914,-0.7396685497209914,0.761102983667532,0.7210107292939609
59,0.2958432404980251,0.8754445895739787,-0.8754445895739787,0.8818353787935777,0.8745194031542749,0.7132992641697722,0.7298741562271807,-0.7298741562271807,0.7521523640689437,0.7103939236071135
60,0.30217099346578663,0.8737989677888276,-0.8737989677888276,0.8798374037765331,0.8734252191999352,0.6921514438646795,0.736125561089292,-0.73612556162724,0.7596590365098271,0.7159443562211543
61,0.2995573264494661,0.8742317247050002,-0.8742317248340704,0.8797495185477024,0.8743459034038343,0.6999135765680767,0.7343260050895842,-0.7343260045516362,0.7623842478013642,0.7097127711945062
62,0.30262403054612186,0.871372452955217,-0.8713724530197522,0.8758458630276635,0.8727737384061371,0.7036114272658145,0.7320227785446153,-0.7320227785446153,0.7659313435588933,0.7021898333561549
63,0.30348352635510817,0.8726794573846655,-0.8726794573846655,0.8794698720243701,0.8714594433915827,0.7612732627331565,0.6921058607015369,-0.6921058607015369,0.7746793605145135,0.6278123397259076
64,0.29369943447317487,0.8766764124243122,-0.8766764124243122,0.8821031846438409,0.8768656622697493,0.7394299163930252,0.7336076543219253,-0.7336076543219253,0.7300614599501614,0.7391744692833415
65,0.31074616518847714,0.8724028485943714,-0.8724028485943714,0.8778927908696463,0.8727528698364859,1.1210311546867935,0.6239948647116926,-0.6239948647116926,0.5748259684454233,0.6852329272225446
66,0.2991223910209574,0.8752384297694928,-0.8752384297694928,0.881533829370274,0.8748634286182895,0.7474085040901542,0.7247308117172778,-0.7247308117172778,0.751442224002487,0.701496821340671
67,0.29168514664062645,0.8775719945928451,-0.8775719945928451,0.8820382642663367,0.8789673150747356,0.7583694210551706,0.7285406364645769,-0.7285406364645769,0.7171734806002262,0.7425984630515859
68,0.29300698313995993,0.8772405736267748,-0.8772405736267748,0.8822115760001334,0.8778988349587435,0.7324029049072885,0.728793404054986,-0.728793404054986,0.7441112019309929,0.7159865211278523
69,0.2885196142934421,0.8790454352996524,-0.8790454353641876,0.8833629290434952,0.880437647459981,0.7372059058299106,0.732102243984695,-0.732102243984695,0.7376480051901488,0.7282456852693473
70,0.28937874876701664,0.8784823569062986,-0.8784823569708338,0.8824934244749607,0.8801622683736554,0.7232415842880842,0.7276212862467507,-0.7276212862467507,0.7586482419003648,0.7004666287546123
71,0.2964927372464167,0.8782148217292718,-0.8782148217292718,0.8828764090216898,0.8793018526228644,0.6937519819727873,0.7440064790446835,-0.7440064790446835,0.7573884057439191,0.7328100241048241
72,0.29072002461522933,0.8792367593299367,-0.8792367593944718,0.8850684241976972,0.8792014968839235,0.6912443132176727,0.7402516675554889,-0.7402516675554889,0.7620798617278626,0.7212786422739821
73,0.2916646045864584,0.8796247720279545,-0.8796247720279545,0.8840031037603224,0.8810877339077905,0.7140374742582817,0.737974675123442,-0.737974675123442,0.739312813385299,0.7383710969010845
74,0.28872125869931653,0.8817738674556991,-0.8817738674556991,0.8865976498894337,0.8828793369402028,0.7349574221600694,0.7268944499940218,-0.7268944499940218,0.7421549679139892,0.7134913850562237
75,0.292887064183414,0.8798990131792644,-0.8798990131792644,0.8822601082689993,0.8834986790801705,0.8439878010147315,0.7089382153986163,-0.7089382153986163,0.6819954742593456,0.7403098293159843
76,0.2871169679579976,0.8794692242078421,-0.8794692242078421,0.88284772817786,0.8818543436285633,0.6874963159054781,0.7483633256591526,-0.7483633256591526,0.7525780849752173,0.7454423376944213
77,0.28607815182043805,0.879647200940852,-0.879647200940852,0.882232682084872,0.8827956241542202,0.7340117894139961,0.7336839620387081,-0.7336839620387081,0.7220091364659127,0.7474835264338483
78,0.2952815654952581,0.8794849268695192,-0.879484926804984,0.8825853613482352,0.8822841459587571,0.7455028376209176,0.7346785899103764,-0.7346785899103764,0.7173272624127701,0.7543854988869347
79,0.2823129120347767,0.8825789212586819,-0.8825789212586819,0.8855801432382601,0.8855007364797406,0.7142138627462008,0.7408897216139287,-0.7408897216139287,0.7549478910890297,0.7291011471395458
80,0.2828712990211429,0.8833211054529344,-0.8833211054529344,0.8877010554423731,0.8847786415418333,0.8426438747545442,0.70456881557561,-0.70456881557561,0.6783043246191761,0.7348426117793748
81,0.2842688330579444,0.8835381256547931,-0.8835381256547931,0.887071210915209,0.8860343590527192,0.7223896099664674,0.7284301083655994,-0.7284301083655994,0.7471730962987411,0.7119834736150955
82,0.27245216409769757,0.8854644530105508,-0.8854644530750859,0.888341016251063,0.8884291767738453,0.7375693776332084,0.7398946888825523,-0.7398946888825523,0.7310106317489156,0.7506623604882925
83,0.27732726662137797,0.8842687128993432,-0.884268712834808,0.8876316957320936,0.8867830096539505,0.7173018062803289,0.7398557406900592,-0.7398557406900592,0.7351843030444121,0.7462282019401716
84,0.28181223717149895,0.8824711243999939,-0.8824711243354587,0.8850372009666619,0.8857753966318265,0.7068895454441166,0.741964724842822,-0.741964724842822,0.7473899693050109,0.7382132740227324
85,0.2832290060227699,0.8826675767142724,-0.8826675767142724,0.8875228713967162,0.8835877775113373,0.8222145335446196,0.7159994190780695,-0.7159994190780695,0.7104475391685747,0.7229446623514706
86,0.28687270099580314,0.8816588538299137,-0.8816588538299137,0.8848161523659129,0.8846508777595898,0.7674807363899175,0.734230257328667,-0.734230257328667,0.71529533092726,0.755930330779148
87,0.28038069536774746,0.8839681889521399,-0.8839681890166751,0.8869744789140882,0.8868862288552686,0.7242420880587953,0.7408020309162484,-0.7408020309162484,0.73888946633907,0.7439275289270422
88,0.2738817064902286,0.8851316670490684,-0.8851316670490684,0.8884344758565109,0.8876900967192785,0.7071886330579235,0.7326805306746896,-0.7326805306746896,0.7656539924376834,0.7045183084707345
89,0.2814120328357954,0.8837411921098667,-0.8837411921098667,0.8863115820754601,0.8870986398937073,0.7141365233526333,0.7396876870079592,-0.7396876870079592,0.7444532414636027,0.7365554648616254
90,0.27341976826675735,0.8853049100400463,-0.8853049100400463,0.8883968998003233,0.8881335888604882,0.7227086013297311,0.7379630549074511,-0.7379630549074511,0.7450919105042619,0.7326722193495891
91,0.28563666373375124,0.8827248668582887,-0.8827248668582887,0.8864171161776552,0.8850692101581213,0.7249072625533769,0.7427740639297541,-0.7427740639297541,0.7456807026148703,0.7414458101406854
92,0.2768796275318598,0.8863699366231664,-0.8863699366231664,0.8892689329326385,0.8894370809397485,0.7400515609377127,0.7391832999158853,-0.7391832999158853,0.7400562094006727,0.7399802496286936
93,0.27814065321679754,0.8872127601237151,-0.8872127601237151,0.8908206450830759,0.8895595210772564,0.7184461526276833,0.7382878957027132,-0.7382878957027132,0.7460923547779179,0.7317745538179625
94,0.2668203898242099,0.8861166666136412,-0.8861166666781763,0.8889488218252976,0.8893770989709832,0.7066566816090677,0.7437111473901177,-0.7437111473901177,0.743445558668474,0.7456980269092945
95,0.2787731052826059,0.8847685134245649,-0.8847685133600297,0.8865357887801695,0.889015655811342,0.7661898781767988,0.7259273178809512,-0.7259273173534765,0.7339556201369362,0.7193139789378749
96,0.27654448765317513,0.8851773162691455,-0.8851773162691455,0.8877628177804522,0.8887303735772063,0.7421412724019818,0.7433679855902703,-0.7433679855902703,0.7310090514727018,0.7577531349572895
97,0.2862255538617341,0.8833806488796868,-0.883380648944222,0.884556830987728,0.8882884177205469,0.7035732693190179,0.7302330058834613,-0.7302330058834613,0.7703639106414809,0.6960048784202617
98,0.2763994457325206,0.8872599276359487,-0.8872599276359487,0.8892553229386696,0.8911898040497855,0.7018375231578462,0.7484375143739721,-0.7484375138360241,0.7521903136146628,0.7461860059400758
99,0.28532395613508443,0.8857049662579495,-0.8857049661934143,0.8897237914782574,0.8876602351536427,0.7121901035524018,0.7408855146449396,-0.7408855146449396,0.7441143453766723,0.7388971860012853
100,0.27802324563832753,0.8857197996572583,-0.8857197997217934,0.8882139739715573,0.8893358270137948,0.7179142813389913,0.7338869224171346,-0.7338869224171346,0.7590164764908677,0.71146037679717
101,0.28226657140146555,0.8872019182737383,-0.8872019182092031,0.8888767803577491,0.8915144753641977,0.7195836496051898,0.744299696670973,-0.744299696670973,0.7381488022391116,0.7519448081078512
102,0.26588739182408005,0.8887032514116164,-0.8887032514761516,0.891112633936846,0.8923873451686412,0.7522119780202204,0.7346824762623233,-0.7346824762623233,0.729401810935258,0.7414795423888128
103,0.2625163492636538,0.891870970112155,-0.8918709699830848,0.8937677878381474,0.8960432917873495,0.7540500513160272,0.7370413181368625,-0.7370413181368625,0.7264024208599049,0.7492359003005045
104,0.27869779681452117,0.8873958999380605,-0.8873959000025956,0.8885694883018409,0.8923314313911266,0.7494764486159659,0.730100746404393,-0.730100745866445,0.7536071257040389,0.7090909642433001
105,0.27088951542102296,0.8900436718466995,-0.8900436719112347,0.8928540763322178,0.8931920176050063,0.7275070019254616,0.7393228457938033,-0.7393228463317513,0.7411858648169342,0.7384340171349177
106,0.2748047840923084,0.8901767902118192,-0.8901767902118192,0.8918382254654631,0.8946009232606553,0.7014953049188917,0.7390013246760041,-0.7390013246760041,0.7542500405535371,0.7257512770189706
107,0.2743889831809989,0.8888838153192108,-0.888883815383746,0.8910321166062055,0.8929805132593103,0.7232606588211735,0.739725353654507,-0.739725353654507,0.7608002157337898,0.7208137018490681
108,0.2743340614697488,0.889282051930442,-0.8892820519949771,0.8910161414514015,0.8935912634811137,0.7856258650710436,0.7124765688546728,-0.7124765693926208,0.7347225163817837,0.693180714165691
109,0.2828933006953553,0.8853712277321549,-0.8853712277321549,0.8870390384240603,0.8899311586833712,0.7000942507267859,0.7506333023632477,-0.7506333023632477,0.737257347640578,0.7661157456976412
110,0.2742405933747048,0.8889052227313717,-0.8889052227959069,0.8910325100768847,0.8931201817463775,0.7349254968794675,0.7430670304418902,-0.7430670304418902,0.736330352427727,0.7513940530133161
111,0.26739633491721937,0.8902765725862608,-0.8902765725862608,0.8928551154321438,0.893866178781532,0.7236686170316345,0.742607224073651,-0.742607224073651,0.7496909998384194,0.7371463883224377
112,0.2640432808636948,0.8907705077287592,-0.890770507664224,0.8926048710548604,0.8949917381772132,0.7228683715262568,0.7437484437593054,-0.7437484437593054,0.7460735168052495,0.742570376460733
113,0.2692190078544947,0.8897733067784696,-0.8897733068107371,0.8909670649836103,0.8948979656086592,0.7209981770829603,0.7490930651929835,-0.7490930651929835,0.7494207566825922,0.7497585771961763
114,0.2696351681716156,0.8914341836419133,-0.8914341836741808,0.8933729727568178,0.8957603894796863,0.7275269829593929,0.742234541357091,-0.742234541357091,0.7468702104239338,0.7389836270197303
115,0.26044567302353405,0.8935177803116993,-0.8935177803116993,0.8952235427187758,0.8980368703100371,0.7441068789804025,0.7372258990895447,-0.7372258990895447,0.7279051973716447,0.748036592445649
116,0.26839789597663644,0.8905599586578508,-0.8905599585933157,0.8919982161935969,0.8953492106065548,0.7333723586926821,0.7378583513872718,-0.7378583513872718,0.7502315282176117,0.7273297432527646
117,0.26111138418587887,0.8932291754348395,-0.8932291753703043,0.8943960245629315,0.8981011676783167,0.7370078095675375,0.7340408053639133,-0.7340408053639133,0.7441887841543136,0.7253529544556614
118,0.26029174360246976,0.8944160524205554,-0.8944160524205554,0.8959774104946875,0.8991708896696026,0.7341125730680644,0.7429001543280881,-0.7429001543280881,0.7383674825356755,0.7487481976674352
119,0.2532466164801791,0.896393662822768,-0.8963936627582328,0.8979785929463445,0.9010636854502173,0.742444446962663,0.7350860668433702,-0.7350860663054222,0.7327472536357301,0.7386278869442992
120,0.2696340776215182,0.8907276751572769,-0.890727675221812,0.8928100915634565,0.8949229656720689,0.7485555430827158,0.7387125864356003,-0.7387125864356003,0.7390817866428664,0.7394967365350964
121,0.27284561606481406,0.8918716935251326,-0.8918716935896678,0.893562507944326,0.8965613814905744,0.7239328588658291,0.7423224986029876,-0.7423224980650396,0.7441407590566559,0.7417914253064442
122,0.2654286941352888,0.8919244799690362,-0.8919244799690362,0.8943018538965297,0.8957773532739394,0.7305808515701483,0.7402953700253249,-0.7402953700253249,0.7438557579414079,0.7381268396489457
123,0.2573892327712025,0.895498010362573,-0.895498010362573,0.8973836884089702,0.8998634037567765,0.7316306239861443,0.7421924766650699,-0.7421924766650699,0.7363555291499472,0.7496805593425186
124,0.2600366068240005,0.8956535181192775,-0.8956535181192775,0.8974625127508611,0.9002323049185543,0.7199259049087655,0.7461966970121817,-0.7461966970121817,0.7448050188243605,0.7486505297547213
125,0.25942409975593766,0.8960407290328576,-0.8960407290328576,0.8981690581044164,0.9001827314592843,0.7711180131142751,0.7354831037108218,-0.7354831042487698,0.7419342368518402,0.730778269604225
126,0.25860731477614035,0.8963606020830162,-0.8963606020830162,0.8989995860624953,0.8999848966476668,0.7571396038595554,0.7354613111082432,-0.7354613111082432,0.7401384731309604,0.7320008213541149
127,0.2542779487208816,0.8982059276816441,-0.8982059277461792,0.9000960973729918,0.9026039627890093,0.735048624824746,0.7375610443874386,-0.7375610438494906,0.7435458207819006,0.7324949502944946
128,0.24862077357566115,0.8973747375286105,-0.8973747374640755,0.8985294549689246,0.9025131375849531,0.7482139849060279,0.7335280604956382,-0.7335280604956382,0.7392913602319435,0.729420189607875
129,0.2481259703507099,0.8970070283306579,-0.8970070283951931,0.8993707238311321,0.9008565728490928,0.7091384368683027,0.7472157811860315,-0.7472157811860315,0.7455995238860161,0.7501021431026046
130,0.25419508218894327,0.8971054739330485,-0.8971054738685134,0.8986316388331744,0.9020436307654953,0.7012971934966662,0.7523178801424667,-0.7523178801424667,0.7551992274148369,0.7514980111526668
131,0.2462107791702899,0.897269740578105,-0.897269740578105,0.8988059773854024,0.9020606145398242,0.7300330399391023,0.7473956494985504,-0.7473956494985504,0.7493250907973692,0.7463994282247357
132,0.25208574188038246,0.8993084175651752,-0.8993084175651752,0.9022867826994181,0.9027424598473293,0.7217118475411343,0.7500072828483926,-0.7500072833863406,0.7512947187526992,0.7498659934808201
133,0.24777332177702716,0.8982200215600072,-0.8982200215600072,0.8999288885197944,0.9029076297260457,0.7660088971652815,0.7291866545128611,-0.7291866545128611,0.7315588291767424,0.7279415664419664
134,0.25388679937038033,0.8973934955672301,-0.897393495502695,0.8992146260168399,0.9019673937143522,0.7079348990202811,0.7485976172913713,-0.7485976178293193,0.7533874998023794,0.7449792132911269
135,0.24855878332854867,0.8992135254863848,-0.8992135255509199,0.9009375615830337,0.9038190826960796,0.7551551105098173,0.7388343495797595,-0.7388343495797595,0.7356537734343257,0.7433696722726099
136,0.24613907429861165,0.8996088426445613,-0.8996088426445613,0.9008909100936883,0.9047411073333208,0.7208067090502714,0.7475387041964686,-0.7475387041964686,0.7527324591733058,0.7436601105364652
137,0.2613105306110634,0.898825909253476,-0.8988259093180112,0.9013290289110206,0.9027105063625929,0.690556510691178,0.7516943301319645,-0.7516943301319645,0.7550640602189281,0.7493931807120354
138,0.2512742800112925,0.8986528534530922,-0.8986528535176274,0.9006121763164938,0.9031131952394392,0.7339122871522008,0.7429735503472146,-0.7429735503472146,0.7397913898371618,0.7468595806011654
139,0.24575809490995626,0.9002388498518775,-0.9002388498518775,0.9017863443347993,0.905105984007037,0.7133016272142045,0.7417187597131901,-0.7417187591752421,0.7392250184332851,0.7458417946035681
140,0.2458600115923202,0.9007280015258781,-0.9007280015904132,0.9028259122356185,0.9049670376809659,0.73381834810714,0.7376121437506555,-0.7376121432127075,0.7443502241954046,0.732380748333053
141,0.24915321770169715,0.8998772513432749,-0.8998772512142046,0.9009117664920143,0.9051203184594526,0.7537198401315117,0.7391255648557891,-0.7391255653937371,0.7419716150967223,0.7376372324645735
142,0.2456408509425577,0.8994565573333403,-0.8994565573978754,0.9010171266075025,0.9042907323399474,0.7058107139616667,0.7550569484380178,-0.7550569484380178,0.7586213954949638,0.7523146382522927
143,0.25029318663221045,0.8984585109212379,-0.8984585108567028,0.899518779174442,0.9037091835926704,0.7016291527971894,0.7485108811287243,-0.7485108816666723,0.7489830088744525,0.7490229500114702
144,0.2520368185302508,0.8989481245376889,-0.8989481246022241,0.9012125523743975,0.9031110606238976,0.7242416303187932,0.7488606831442148,-0.7488606826062667,0.7508603122475345,0.7478650668467856
145,0.24790636359864418,0.9002731670518621,-0.9002731670518621,0.9023745570310838,0.9045130920492761,0.7463434392108327,0.7392038637557916,-0.7392038642832663,0.7387340651149243,0.7407122026502558
146,0.24857643072728525,0.899230619796482,-0.899230619796482,0.9000196735442795,0.9047884018894087,0.7302384716240077,0.7467027576606626,-0.7467027581986108,0.7481950834554886,0.7464370101367523
147,0.24233046639993006,0.8995134528450451,-0.8995134529095803,0.9012837856556234,0.9040510984353041,0.6783223263515893,0.7567727013830674,-0.7567727013830674,0.759911222901155,0.7547955682992075
148,0.2514078925352692,0.898905049137715,-0.898905049137715,0.9008902361369877,0.90328738595749,0.7273454801700606,0.7452100470177964,-0.7452100464798483,0.7450983639443394,0.746385190568676
149,0.24719346507951365,0.9000260797528903,-0.9000260797528903,0.9010127571533644,0.9053947273891898,0.692808594406727,0.7570736324313746,-0.7570736324313746,0.7597986693201513,0.7556242512451613
150,0.2476955347953807,0.8991419892901722,-0.8991419892901722,0.9001185241949512,0.9045949858754886,0.7199003599073052,0.7444494097671784,-0.7444494103051265,0.7471085923458265,0.742587887207954
151,0.25112185708213647,0.899742208398643,-0.8997422083341079,0.9023122034221565,0.9035842322255172,0.7049231404700864,0.7530031165491373,-0.7530031170870853,0.7531320016952198,0.7541955513644305
152,0.23988036856526365,0.9020518879319435,-0.9020518879319435,0.904267929149118,0.9060806495614669,0.7359993326980456,0.7397556369283558,-0.7397556369283558,0.7459110047964923,0.7348497921386651
153,0.25119088978646587,0.8999764683082435,-0.8999764682437084,0.9026156574707106,0.9037763521159144,0.721645000286481,0.7447985933575819,-0.74479859389553,0.7471995683998838,0.7433303654839416
154,0.24538054388547265,0.9001894445453386,-0.9001894445453386,0.9014703655279059,0.9052158515140473,0.729821769016314,0.746581365485484,-0.746581365485484,0.7487883558126993,0.7456822398552395
155,0.24770175725634658,0.9009444097411121,-0.900944409676577,0.9027036951831431,0.9055343213381836,0.7059689326084048,0.7506398711393887,-0.7506398706014406,0.7482319056772583,0.7544432381430257
156,0.24096167346340797,0.9019663228571493,-0.901966322728079,0.9031692430693229,0.9071358271804709,0.7061152227411202,0.7587961243593305,-0.7587961243593305,0.7621731691412117,0.7566258140204185
157,0.24909265193202476,0.8990209775602936,-0.8990209775602936,0.9007709184964016,0.9037092743806893,0.6941168181302315,0.7555496570005313,-0.7555496570005313,0.7558315777176123,0.7563907542813986
158,0.24689351406872867,0.9014260083914526,-0.9014260083914526,0.9033721459665666,0.9059231609118971,0.6665407230922892,0.7607780314094323,-0.7607780314094323,0.7644337857888494,0.7587283066463815
159,0.2446918919772852,0.9012618073269938,-0.9012618073269938,0.9029270804460144,0.9060078311942262,0.7145888763429455,0.7479155460634817,-0.7479155460634817,0.7503233531537039,0.7468100402114194
160,0.24455765476018745,0.8999395665021725,-0.8999395664376374,0.9013006579777852,0.9049847295992609,0.7287184738617942,0.7412417338428084,-0.7412417338428084,0.7466630550498136,0.7369310663280074
161,0.2529678577311166,0.9003401003058414,-0.9003401003058414,0.9026361806741676,0.904452314284933,0.7260390635216709,0.7446500601966458,-0.7446500601966458,0.747885361260025,0.7428267582013719
162,0.24123671267870547,0.8997445166136806,-0.8997445166782158,0.901034835317838,0.9048961902810878,0.6857161787657962,0.7565624115699465,-0.7565624115699465,0.7579569344270961,0.7560178765536215
163,0.24195811891385413,0.9010327690320905,-0.9010327690320905,0.9030525247841079,0.9054663575743638,0.7182550378654838,0.7487317773409269,-0.7487317773409269,0.7495928314188327,0.7492357354732196
164,0.24926380394611486,0.9002441297288889,-0.9002441295998186,0.9014231815850285,0.9054689888651621,0.6897864708858253,0.7554158667547513,-0.7554158667547513,0.7578957412095196,0.7545231236820727
165,0.25063494134705633,0.8993884927269286,-0.8993884927269286,0.9011784178604549,0.9040891965032398,0.7156495485279964,0.7477712778623353,-0.7477712778623353,0.7522594772736518,0.7448667498702176
166,0.24764460071940708,0.9008579020016944,-0.9008579020016944,0.9021435860639633,0.9059942850642206,0.7631492702431627,0.7317220163044086,-0.7317220168423566,0.7338059051802873,0.7308582739924696
167,0.24989796158824973,0.9007261343051882,-0.9007261343051882,0.9034227442436789,0.9044316784160485,0.7444616683661293,0.742183478515501,-0.742183478515501,0.7444237585747715,0.7411605562974399
168,0.24167694176247545,0.8995393849054215,-0.8995393848408864,0.9012495619928542,0.9042356590550408,0.6971672314491513,0.7517509290457632,-0.7517509290457632,0.75607329854466,0.7485645362831626
169,0.24481142886005577,0.9008813851475458,-0.9008813852120808,0.9026271693502065,0.9056400595520833,0.6943933005690144,0.7519526668834342,-0.7519526668834342,0.754263729502578,0.7508907191159493
170,0.2502903631267583,0.8999892469735928,-0.8999892469735928,0.9016889407036882,0.9046901596501153,0.6880532538632623,0.7513126800852131,-0.7513126800852131,0.7590949634352315,0.744835145206658
171,0.24355147242055614,0.9010170146519614,-0.9010170146519614,0.9022324125505516,0.9061766589498458,0.7586260685878518,0.7347414309999584,-0.7347414309999584,0.7370253205299377,0.7336526527868963
172,0.24757174775165725,0.9006048036297971,-0.900604803565262,0.9019761393213747,0.9056287695959875,0.7123229771529724,0.7429179010193271,-0.7429179010193271,0.7429689547645486,0.7441449997011935
173,0.24974705603162464,0.9004719356480694,-0.9004719356480694,0.9022559807537024,0.9052421396534491,0.7428633289862195,0.7396303421753838,-0.7396303421753838,0.7409670052760775,0.7392270891029482
174,0.2449919917851028,0.9004498103084168,-0.9004498103729519,0.9018106119309529,0.9055213988627536,0.7432329238321806,0.7403446911474427,-0.7403446911474427,0.7436784748996639,0.7385598286609787
175,0.24393627221138253,0.9022700717796129,-0.9022700718441481,0.9043619585223093,0.9066408352580304,0.7514595306791123,0.7418187246641097,-0.7418187252020577,0.7451289261721532,0.7399915221150601
176,0.2554614294809199,0.8995766274698785,-0.8995766274698785,0.9011374497217448,0.9043939554779082,0.7371310124758779,0.7427466740892252,-0.7427466740892252,0.7461307546937509,0.7405692099018648
177,0.2481147352946481,0.9018483249823115,-0.9018483249823115,0.9038513728863958,0.9063519777261421,0.7107218973042733,0.7437176200887357,-0.7437176200887357,0.7478542565653901,0.740859306138345
178,0.23878869569859187,0.9009255368557778,-0.9009255368557778,0.9027984614442468,0.9055817362522862,0.6947121737988847,0.7564348045884487,-0.7564348040505007,0.7586173243040643,0.7556482749295148
179,0.24058802738211382,0.9023964647840969,-0.9023964647840969,0.9037588432966862,0.9074736547294557,0.6992198223456579,0.7565870040805761,-0.7565870035426281,0.7640838404639964,0.7501584643276159
180,0.24247651415057853,0.9025574024878007,-0.9025574024232655,0.903956208511987,0.907570259467303,0.6939625452787007,0.7532769926833762,-0.7532769916074801,0.759182103274101,0.7488330140010545
181,0.2383709391453995,0.9024956464870713,-0.9024956464870713,0.9043919559731118,0.9070317493779879,0.7196565866470337,0.7471812544962129,-0.7471812544962129,0.7509070794074544,0.744423411705864
182,0.24338044575627307,0.9004737201089104,-0.9004737201089104,0.9024562637957725,0.9049781616785249,0.6900798146367504,0.746932267389573,-0.746932267927521,0.7510764647261761,0.7437276850968922
183,0.2496808547253937,0.8998420106843211,-0.899842010619786,0.9024034560423695,0.9037417683471276,0.7229350426555735,0.7453444115883481,-0.7453444115883481,0.7517395036410441,0.7400140650504459
184,0.24264161065769382,0.9015018665310417,-0.9015018665310417,0.9020571345217355,0.9073730415857009,0.730858737219542,0.7436504072445824,-0.7436504072445824,0.744818211892882,0.7436660648683349
185,0.24091683935746952,0.9013508332943377,-0.9013508332943377,0.9029891434732115,0.9062068565412794,0.7107974523241339,0.7522412821489121,-0.7522412821489121,0.7558693216595839,0.7496180774287626
186,0.2461585716452109,0.9016527185299635,-0.9016527185944986,0.9019377173516284,0.9079261391632172,0.7180830179192529,0.7438635858387723,-0.7438635858387723,0.7496142592886295,0.7395692785078868
187,0.24460364833487067,0.9041402733212377,-0.9041402733212377,0.9060691980610373,0.9087448809352361,0.7148301679681355,0.7478933532315472,-0.7478933537694952,0.7492092544421393,0.7483023161922551
188,0.2378214725868792,0.9020318952072436,-0.9020318952072436,0.9032810108648228,0.9073343695294243,0.7248276994439239,0.7481682888006905,-0.7481682882627425,0.7532762251390878,0.7441882158659856
189,0.2329068070865648,0.9036124691321975,-0.9036124691321975,0.9056318206361694,0.9080563341967209,0.7149799064285919,0.7464752943937529,-0.7464752943937529,0.7510572093058149,0.7432789536804929
190,0.2431591582948793,0.901943789229552,-0.9019437892940871,0.9037067645708169,0.9066522793498273,0.7257013139735281,0.7419060004495941,-0.7419060004495941,0.7437479750245019,0.7411012091467866
191,0.24812814868073435,0.900927857952027,-0.900927857952027,0.9029483424089026,0.9054628331690137,0.7699693996553386,0.7341326443942445,-0.7341326443942445,0.7375208928051408,0.7317728185051184
192,0.2456107525313866,0.9007057882248451,-0.900705788095775,0.9023705457727235,0.9054609905620218,0.7605388618010476,0.7365696248379855,-0.7365696243000375,0.7385147995036432,0.7357156962048707
193,0.23380162976052968,0.9017881729247612,-0.9017881729247612,0.9030215573057875,0.9069987536251106,0.6857115114208593,0.7545635250501254,-0.7545635250501254,0.7553987257747443,0.7548464664698508
194,0.2386517607969554,0.9024507542382385,-0.9024507541737034,0.9034025742280736,0.908095169075127,0.7497312733197471,0.7410231241250297,-0.7410231241250297,0.7431299284046737,0.7403014568000064
195,0.2439209278358325,0.9030966963820666,-0.9030966963175314,0.9049844415531679,0.9076983154000736,0.7099554378418286,0.7490355524130247,-0.7490355524130247,0.7516801690797082,0.747383491334502
196,0.23636407114084584,0.9012131394117412,-0.9012131394762763,0.9029944592118005,0.9059743292536143,0.7459990516143585,0.7401180591178715,-0.7401180591178715,0.745272196694832,0.7362450110568036
197,0.2318283920295314,0.9049949866189952,-0.9049949865544601,0.9058668988641075,0.9107109453704978,0.718877434407761,0.7481779445379649,-0.7481779445379649,0.7515619329381936,0.7459599072322088
198,0.24516613147717217,0.9036903264280933,-0.9036903263635582,0.9055336189636579,0.9083746604689172,0.7048714928571067,0.7486005789106073,-0.7486005789106073,0.752768806064172,0.7455651025264272
199,0.24039425413076265,0.9008621300593658,-0.9008621299948306,0.9019975708954878,0.9061706048061756,0.7002995627451459,0.7514110829425633,-0.7514110829425633,0.755074232601517,0.7486873153960232
200,0.23749456440424083,0.904933500207312,-0.904933500207312,0.9071755858276147,0.9091228886231967,0.7168787988945035,0.7488155646875017,-0.7488155646875017,0.7518458353483289,0.7469224277816524
201,0.24035924383963067,0.9023813921143452,-0.9023813921143452,0.9040865340161602,0.907187453657066,0.7147139538926769,0.7456718224911053,-0.7456718230290533,0.7492165007100638,0.7431505189045241
202,0.2452958870199967,0.9028764688746658,-0.9028764688746658,0.9045029230296431,0.9077135144812352,0.7347231470378099,0.7383005393289886,-0.7383005393289886,0.7435181309691573,0.7345584522306392
203,0.2406149275404078,0.9013205534480464,-0.9013205535125816,0.9028805454038551,0.9062879406796641,0.7355276325764639,0.7435014412506392,-0.7435014412506392,0.7442666678437257,0.7439790085119461
204,0.23891064690505853,0.901600031534693,-0.9016000314701579,0.9043540611133889,0.9054070974439189,0.727165762967151,0.7431565151963423,-0.7431565151963423,0.7459456617221075,0.7414787452573811
205,0.237365547017444,0.9051096093969564,-0.9051096094614915,0.9073231644628367,0.9093086688277937,0.7502388708589309,0.7401057723842372,-0.7401057729221854,0.7430436479916211,0.7382831597156043
206,0.23141052987266794,0.9055625018798825,-0.9055625018798825,0.9073566635768101,0.9102522851895233,0.6977541284225478,0.7506125458526267,-0.7506125458526267,0.758216628098746,0.7441546659822499
207,0.23919456530541452,0.9029641903262471,-0.9029641903262471,0.9044293572939852,0.9079175699887827,0.7133306402592022,0.7508155379699886,-0.7508155385079367,0.7548706858597077,0.7476282882561323
208,0.24261176912376198,0.9036354636825902,-0.9036354636825902,0.9055460789674492,0.908190712842553,0.7139903106844382,0.7486172485222455,-0.7486172485222455,0.7517232672186965,0.746507163404988
209,0.23716394711994102,0.9034973300861145,-0.9034973300215794,0.9051847809989404,0.9083829043153149,0.6848175653314168,0.7534314196721642,-0.7534314196721642,0.7558682516612838,0.7521014754751087
210,0.24048421282164717,0.9019299878372987,-0.9019299878372987,0.903542799291904,0.9067804124149836,0.7052384721458174,0.7477426291157623,-0.7477426291157623,0.7536175235944534,0.7433495412879902
211,0.24735168060759746,0.9013478098596108,-0.9013478097950757,0.9031649473401157,0.9059249362474708,0.6988992224370099,0.7518538623940644,-0.7518538623940644,0.7562002377174392,0.749071843572472
212,0.2322088860494846,0.9031363071276027,-0.9031363071276027,0.9047986998115075,0.9079329083496588,0.6958098849449778,0.7537185883263818,-0.7537185877884338,0.7554090875150494,0.7531700228956202
213,0.23633195210091734,0.9042558767879201,-0.9042558767879201,0.9059011074901918,0.9091423313279026,0.6742501640793218,0.7587638821197331,-0.7587638826576811,0.7624255726483755,0.7562328956832954
214,0.23063901422045974,0.9044305030635653,-0.9044305031281005,0.9061037254132146,0.9092159227227277,0.685865930809441,0.7561640264970731,-0.7561640264970731,0.7565935239034439,0.7567829852284937
215,0.23994032623332628,0.9024926552451396,-0.9024926551160692,0.9048660065173689,0.9064768663522432,0.6995202878537161,0.7518341853300157,-0.7518341847920677,0.7568150084156422,0.7478809858057043
216,0.22739571879221382,0.9056148688583572,-0.9056148688583572,0.9072773715230282,0.9104739243512342,0.7127768079941884,0.7479079052644516,-0.7479079052644516,0.7507604929729489,0.7462011847900569
217,0.2467255165349513,0.9021186993177859,-0.9021186993177859,0.904116098049039,0.9065245020539279,1.1029206793553563,0.6327217763511713,-0.6327217763511713,0.6403826774780501,0.6268837499274243
218,0.24376941313212855,0.90236249271798,-0.9023624927825151,0.9046884390016096,0.9066118985324155,0.7505844128906511,0.7372479306446517,-0.7372479306446517,0.7405737239316053,0.7352697194052947
219,0.2357908569473165,0.9050705247805096,-0.9050705248450448,0.9064915097085053,0.9100171509967215,0.7573500358455878,0.7347214014306396,-0.7347214014306396,0.7417218948744695,0.7289315008084266
220,0.24369559728896634,0.9030325597578852,-0.9030325597578852,0.9050355782855791,0.9075215438734974,0.7156670606738824,0.7481422571714174,-0.7481422571714174,0.7483781053271105,0.7492467093984142
221,0.2381545342295239,0.9025260475921961,-0.9025260475921961,0.9042259227692591,0.9072377553952623,0.7426840556406342,0.7383240201831919,-0.7383240201831919,0.7406131562933458,0.7370168562483999
222,0.24993322426844208,0.9010516554855043,-0.9010516554855043,0.9025843039395607,0.9060472748251341,0.7542237984789838,0.7417528748727448,-0.7417528743347966,0.7448372537478644,0.7394442414118495
223,0.23613480963506653,0.9041548765624638,-0.9041548764979287,0.9062705961023383,0.9085146738833398,0.6906774962583173,0.7531301529829253,-0.7531301524449772,0.7572388503740841,0.7499551805348172
224,0.24295565537582386,0.9020802179821749,-0.9020802179499073,0.9041657748096895,0.9064330969823806,0.700143392873585,0.752851180651558,-0.752851180651558,0.7556292906349746,0.7512058600621964
225,0.23471362599372966,0.904733379316206,-0.9047333793807412,0.9059678168718099,0.9099507270926983,0.7497105471493966,0.7420966003345668,-0.7420966003345668,0.7474316477990753,0.7379117458520813
226,0.2450264640936556,0.9012786207285832,-0.9012786207285832,0.903606242718455,0.9053450455367178,0.7401278182487625,0.7475278399050881,-0.7475278399050881,0.7498819636523939,0.7462704577600913
227,0.23850908642170904,0.9028693912812981,-0.9028693912812981,0.9043469893023688,0.9077449265549636,0.6932647222861487,0.7534209562983324,-0.7534209562983324,0.75688857023036,0.7511370116407691
228,0.22831621527955767,0.9041883713138625,-0.9041883713138625,0.9061580620812565,0.9087894033848749,0.7085789209973495,0.7475121634196391,-0.7475121634196391,0.7506734273075002,0.745695341266362
229,0.24623448679513257,0.9024602631667622,-0.9024602631667622,0.9051809743685658,0.9062710869565264,0.762756579727042,0.7326858865655286,-0.7326858871034767,0.7353757902818466,0.7309559714923266
230,0.24348431991815775,0.9032033305758778,-0.9032033305113426,0.905109222818629,0.9076241253128605,0.7328941086677008,0.7435472136370112,-0.7435472136370112,0.7472303170804943,0.7407874837248765
231,0.2453282506932372,0.9020045751382283,-0.9020045751382283,0.9030022560620835,0.9074589870821712,0.7264432970582363,0.7475802559499706,-0.7475802559499706,0.7504232377351837,0.7459585154529943
232,0.24312894941408844,0.9033369396273943,-0.9033369396273943,0.9049222421057558,0.9082799483269725,0.7162178926680923,0.7462883080601261,-0.7462883069842301,0.7479300630221728,0.7457580575013419
233,0.2474188364480754,0.8995007727635583,-0.8995007728280935,0.9009468919944846,0.904667431242593,0.7020631103309053,0.7549993769141311,-0.7549993769141311,0.7595091169491571,0.7517230677475568
234,0.23888368117907388,0.9033966076714799,-0.903396607736015,0.9050774716644279,0.9082033330096265,0.677826513048759,0.7566879097950587,-0.7566879097950587,0.7594693687203128,0.7551986550381037
235,0.24063470086825778,0.9027312366334636,-0.9027312365689284,0.9038366456860947,0.9081716378073819,0.7426100093535137,0.7406272253404886,-0.7406272253404886,0.7450193211920425,0.7374579064036965
236,0.23822466537337017,0.9008672996845634,-0.9008672997490985,0.9024356229189621,0.9056762905283995,0.7785399478695453,0.7255564001708255,-0.7255564001708255,0.7300652915389959,0.722268031607466
237,0.23503653164315708,0.9050206491032324,-0.9050206490386973,0.906920311305367,0.9097079657253738,0.7077802549845905,0.7474993637322519,-0.7474993637322519,0.7510745051965817,0.7449678862568273
238,0.23514909535362485,0.9040547588161701,-0.9040547588161701,0.905957450684452,0.9087013894729977,0.7143801121505159,0.7457671854039822,-0.7457671854039822,0.7488261263293049,0.7440812030423849
239,0.23287341848577242,0.9037465582734426,-0.9037465582089075,0.9054032944146045,0.9085138490082331,0.7153281035836423,0.7470229568249052,-0.7470229562869571,0.748064037910007,0.7471818118104006
240,0.23479986289857321,0.9061026776983089,-0.9061026777628439,0.9074070393626129,0.9112633761129838,0.7355508837815935,0.7415266121383262,-0.7415266121383262,0.7445632319534774,0.7397638550901835
241,0.24167954304282568,0.900767575034645,-0.9007675750991802,0.9027383693785521,0.905307631967077,0.6959610031077147,0.7502089260072053,-0.7502089260072053,0.7548452908381659,0.7464901025975224
242,0.24376104189338701,0.9030085786977027,-0.9030085786977027,0.9049541951000252,0.9075471952318784,0.7018984034926452,0.7563733357384748,-0.7563733357384748,0.756445110059387,0.7573923348089417
243,0.2437812916582774,0.902302952479263,-0.902302952479263,0.9043309234369881,0.9067148700995381,0.6883712242549077,0.752859916497654,-0.7528599159597059,0.7561696793628514,0.7504095261923243
244,0.23271587200950059,0.9023935208076933,-0.9023935208722285,0.9036540660366654,0.9076850233061482,0.7240554438601332,0.7430695865558803,-0.7430695865558803,0.7477745155565145,0.739774898716689
245,0.23986457553504606,0.9024292441894091,-0.9024292441894091,0.9039623259258972,0.9072645998403798,0.7204167343649193,0.7466919348988722,-0.7466919354368203,0.7468164509384211,0.7479356264809839
246,0.2269879642594888,0.9040217156686944,-0.9040217157332295,0.9052695791511733,0.9093156656489945,0.7170950460520031,0.7480339977069882,-0.7480339971690402,0.7508999596649129,0.7462451191155058
247,0.22829529841181623,0.9041098085070338,-0.9041098085070338,0.9061564343117078,0.9085966841309243,0.7328648440605772,0.7439894878758794,-0.7439894878758794,0.7469264372260169,0.7423154876295445
248,0.2259608875393816,0.9043655165504614,-0.9043655164859263,0.9062594656383594,0.9089514926663205,0.7661500674292498,0.7346153043022224,-0.7346153043022224,0.7369740867872961,0.7333937809140243
249,0.2497985791648916,0.9018717479297949,-0.9018717480588652,0.9029851004436141,0.9071858182336511,0.7073780540309658,0.7528286778539527,-0.7528286778539527,0.7576093283155765,0.7493024394185104
